,Test RMSE Rose,Test RMSE Sparkling
RegressionOnTime,15.268955197146555,1389.135174897992
NaiveModel,79.71877337417347,3864.2793518443914
SimpleAverageModel,53.460569646114436,1275.0818036965309
