,Test RMSE Rose,Test MAPE Rose
"ARIMA(2,1,3)",36.81634749426474,75.84583635258521
