,RMSE,MAPE
"ARIMA(2,1,2)",1299.980372953183,47.10001658999489
